rank,name,score,num,dir,act,type,year,city,qu
1,肖申克的救赎,9.6,1000439人评价,弗兰克·德拉邦特,"主演:,蒂姆·罗宾斯,Tim,Robbins,/...",剧情,1994,美国,希望让人自由。
2,霸王别姬,9.5,727241人评价,陈凯歌,"主演:,张国荣,Leslie,Cheung,/,张丰毅,Fengyi,Zha...",同性,1993,中国大陆,风华绝代。
3,这个杀手不太冷,9.4,942029人评价,吕克·贝松,"主演:,让·雷诺,Jean,Reno,/,娜塔莉·波特曼,...",犯罪,1994,法国,怪蜀黍和小萝莉不得不说的故事。
4,阿甘正传,9.4,801020人评价,Robert,"Tom,Hanks,/,Robin,Wright,Penn,/,Gary,Sinise",爱情,1994,美国,一部美国近现代史。
5,美丽人生,9.5,467901人评价,罗伯托·贝尼尼,"主演:,罗伯托·贝尼尼,Roberto,Beni...",战争,1997,意大利,最美的谎言。
6,千与千寻,9.2,749664人评价,宫崎骏,"主演:,柊瑠美,Rumi,Hîragi,/,入野自由,Miy...",奇幻,2001,日本,最好的宫崎骏，最好的久石让。 
7,泰坦尼克号,9.2,740800人评价,詹姆斯·卡梅隆,"主演:,莱昂纳多·迪卡普里奥,Leonardo...",灾难,1997,美国,失去的才是永恒的。 
8,辛德勒的名单,9.4,426131人评价,史蒂文·斯皮尔伯格,"主演:,连姆·尼森,Liam,Neeson...",战争,1993,美国,拯救一个人，就是拯救整个世界。
9,盗梦空间,9.3,841773人评价,克里斯托弗·诺兰,"主演:,莱昂纳多·迪卡普里奥,Le...",冒险,2010,美国,诺兰给了我们一场无法盗取的梦。
10,机器人总动员,9.3,551987人评价,安德鲁·斯坦顿,"主演:,本·贝尔特,Ben,Burtt,/,艾丽...",冒险,2008,美国,小瓦力，大人生。
11,海上钢琴师,9.2,649938人评价,朱塞佩·托纳多雷,"主演:,蒂姆·罗斯,Tim,Roth,/,...",音乐,1998,意大利,每个人都要走一条自己坚定了的路，就算是粉身碎骨。 
12,三傻大闹宝莱坞,9.2,755622人评价,拉库马·希拉尼,"主演:,阿米尔·汗,Aamir,Khan,/,卡...",歌舞,2009,印度,英俊版憨豆，高情商版谢耳朵。
13,忠犬八公的故事,9.2,519870人评价,莱塞·霍尔斯道姆,"主演:,理查·基尔,Richard,Ger...",剧情,2009,美国,永远都不能忘记你所爱的人。
14,放牛班的春天,9.2,505125人评价,克里斯托夫·巴拉蒂,"主演:,杰拉尔·朱诺,Géra...",音乐,2004,法国,天籁一般的童声，是最接近上帝的存在。 
15,大话西游之大圣娶亲,9.2,551870人评价,刘镇伟,"主演:,周星驰,Stephen,Chow,/,吴孟达,Man,Tat,Ng...",冒险,1995,香港,一生所爱。
16,楚门的世界,9.1,522296人评价,彼得·威尔,"主演:,金·凯瑞,Jim,Carrey,/,劳拉·琳妮,Lau...",科幻,1998,美国,如果再也不能见到你，祝你早安，午安，晚安。
17,教父,9.2,379797人评价,弗朗西斯·福特·科波拉,"Coppola,主演:,马龙·白兰度,M...",犯罪,1972,美国,千万不要记恨你的对手，这样会让你失去理智。
18,龙猫,9.1,466079人评价,宫崎骏,"主演:,日高法子,Noriko,Hidaka,/,坂本千夏,Ch...",家庭,1988,日本,人人心中都有个龙猫，童年就永远不会消失。
19,熔炉,9.2,302918人评价,黄东赫,"主演:,孔侑,Yoo,Gong,/,郑有美,Yu-mi,Jeong,...",剧情,2011,韩国,我们一路奋战不是为了改变世界，而是为了不让世界改变我们。
20,乱世佳人,9.2,295808人评价,维克多·弗莱明,"/,乔治·库克,George,Cukor,主演:,托...",战争,1939,美国,Tomorrow is another day.
21,星际穿越,9.2,550170人评价,克里斯托弗·诺兰,"主演:,马修·麦康纳,Matthew,Mc...",冒险,2014,美国,爱是一种力量，让我们超越时空感知它的存在。
22,触不可及,9.1,409199人评价,奥利维·那卡什,"/,艾力克·托兰达,Eric,Toledano,主...",喜剧,2011,法国,满满温情的高雅喜剧。
23,无间道,9,450586人评价,刘伟强,"主演:,刘德华,/,梁朝伟,/,黄秋生",悬疑,2002,香港,香港电影史上永不过时的杰作。
24,当幸福来敲门,8.9,597658人评价,加布里尔·穆奇诺,"主演:,威尔·史密斯,Will,Smith,...",家庭,2006,美国,平民励志片。 
25,天堂电影院,9.1,334454人评价,朱塞佩·托纳多雷,"主演:,安东娜拉·塔莉,Antonel...",爱情,1988,意大利,那些吻戏，那些青春，都在影院的黑暗里被泪水冲刷得无比清晰。
26,怦然心动,8.9,622334人评价,罗伯·莱纳,"主演:,玛德琳·卡罗尔,Madeline,Carroll,/,卡...",爱情,2010,美国,真正的幸福是来自内心深处。
27,十二怒汉,9.4,188317人评价,Sidney,"亨利·方达,Henry,Fonda,/,马丁·鲍尔萨姆,Marti...",剧情,1957,美国,1957年的理想主义。 
28,搏击俱乐部,9,430432人评价,大卫·芬奇,"主演:,爱德华·诺顿,Edward,Norton,/,布拉...",惊悚,1999,美国,邪恶与平庸蛰伏于同一个母体，在特定的时间互相对峙。
29,少年派的奇幻漂流,9,632801人评价,李安,"主演:,苏拉·沙玛,Suraj,Sharma,/,伊尔凡·可汗,Irrfan...",冒险,2012,美国,瑰丽壮观、无人能及的冒险之旅。
30,鬼子来了,9.2,256026人评价,姜文,"主演:,姜文,Wen,Jiang,/,香川照之,Teruyuki,Kagawa,/...",战争,2000,中国大陆,对敌人的仁慈，就是对自己残忍。
31,指环王3：王者无敌,9.1,310971人评价,彼得·杰克逊,"主演:,维果·莫腾森,Viggo,Mortensen,/,...",冒险,2003,美国,史诗的终章。
32,蝙蝠侠：黑暗骑士,9,361293人评价,克里斯托弗·诺兰,"主演:,克里斯蒂安·贝尔,Christ...",惊悚,2008,美国,无尽的黑暗。
33,活着,9.1,301173人评价,张艺谋,"主演:,葛优,You,Ge,/,巩俐,Li,Gong,/,姜武,Wu,Jiang",家庭,1994,中国大陆,张艺谋最好的电影。
34,天空之城,9,364783人评价,宫崎骏,"主演:,田中真弓,Mayumi,Tanaka,/,横泽启子,Ke...",冒险,1986,日本,对天空的追逐，永不停止。 
35,罗马假日,8.9,420913人评价,威廉·惠勒,"主演:,奥黛丽·赫本,Audrey,Hepburn,/,格...",爱情,1953,美国,爱情哪怕只有一天。
36,大话西游之月光宝盒,8.9,444306人评价,刘镇伟,"主演:,周星驰,Stephen,Chow,/,吴孟达,Man,Tat,Ng...",冒险,1995,香港,旷古烁今。
37,疯狂动物城,9.2,573320人评价,拜伦·霍华德,"/,瑞奇·摩尔,Rich,Moore,主演:,金妮弗·...",冒险,2016,美国,迪士尼给我们营造的乌托邦就是这样，永远善良勇敢，永远出乎意料。
38,飞屋环游记,8.9,547351人评价,彼特·道格特,"/,鲍勃·彼德森,Bob,Peterson,主演:,爱德...",冒险,2009,美国,最后那些最无聊的事情，才是最值得怀念的。 
39,窃听风暴,9.1,245890人评价,弗洛里安·亨克尔·冯·多纳斯马,"von,Donnersmarck,...",悬疑,2006,德国,别样人生。
40,两杆大烟枪,9.1,293694人评价,Guy,"Jason,Flemyng,/,Dexter,Fletcher,/,Nick,Moran",犯罪,1998,英国,4个臭皮匠顶个诸葛亮，盖·里奇果然不是盖的。
41,飞越疯人院,9,297794人评价,米洛斯·福尔曼,"主演:,杰克·尼科尔森,Jack,Nichols...",剧情,1975,美国,自由万岁。
42,控方证人,9.6,108019人评价,比利·怀尔德,"主演:,查尔斯·劳顿,Charles,Laughton,/,...",悬疑,1957,美国,比利·怀德满分作品。
43,闻香识女人,8.9,353337人评价,马丁·布莱斯,"主演:,阿尔·帕西诺,Al,Pacino,/,克里斯...",剧情,1992,美国,史上最美的探戈。
44,哈尔的移动城堡,8.9,387172人评价,宫崎骏,"主演:,倍赏千惠子,Chieko,Baishô,/,木村拓...",冒险,2004,日本,带着心爱的人在天空飞翔。
45,海豚湾,9.3,194135人评价,Louie,"John,Chisholm,/,Mandy-Rae,Cruikshank,/,Char...",纪录片,2009,美国,海豚的微笑，是世界上最高明的伪装。
46,V字仇杀队,8.8,458022人评价,詹姆斯·麦克特格,"主演:,娜塔莉·波特曼,Natalie,Por...",惊悚,2005,美国,一张面具背后的理想与革命。
47,辩护人,9.1,232733人评价,杨宇硕,"主演:,宋康昊,Kang-ho,Song,/,吴达洙,Dal-su,O...",剧情,2013,韩国,电影的现实意义大过电影本身。
48,死亡诗社,9,304640人评价,彼得·威尔,"主演:,罗宾·威廉姆斯,Robin,Williams,/,罗伯...",剧情,1989,美国,当一个死水般的体制内出现一个活跃的变数时，所有的腐臭都站在了光明的对面。
49,教父2,9.1,204649人评价,弗朗西斯·福特·科波拉,"Coppola,主演:,阿尔·帕西诺,A...",犯罪,1974,美国,优雅的孤独。
50,美丽心灵,8.9,329864人评价,朗·霍华德,"主演:,罗素·克劳,Russell,Crowe,/,詹妮弗·...",剧情,2001,美国,爱是一切逻辑和原由。
51,指环王2：双塔奇兵,9,292677人评价,彼得·杰克逊,"主演:,伊利亚·伍德,Elijah,Wood,/,西恩...",冒险,2002,美国,承前启后的史诗篇章。
52,指环王1：魔戒再现,8.9,327559人评价,彼得·杰克逊,"主演:,伊利亚·伍德,Elijah,Wood,/,西恩...",冒险,2001,新西兰,传说的开始。
53,情书,8.8,406543人评价,岩井俊二,"主演:,中山美穗,Miho,Nakayama,/,丰川悦司,Ets...",爱情,1995,日本,暗恋的极致。
54,饮食男女,9.1,219670人评价,李安,"主演:,郎雄,Sihung,Lung,/,杨贵媚,Kuei-Mei,Yang,/,吴...",家庭,1994,台湾,人生不能像做菜，把所有的料都准备好了才下锅。
55,美国往事,9.1,189252人评价,赛尔乔·莱翁内,"主演:,罗伯特·德尼罗,Robert,De,Niro,...",剧情,1984,意大利,往事如烟，无处祭奠。
56,狮子王,8.9,305441人评价,Roger,"罗伯·明可夫,Rob,Minkoff,主演:,乔纳森·泰勒·托马...",家庭,1994,美国,动物版《哈姆雷特》。
57,钢琴家,9,217871人评价,罗曼·波兰斯基,"主演:,艾德里安·布洛迪,Adrien,Brod...",战争,2002,法国,音乐能化解仇恨。
58,摔跤吧！爸爸,9.1,505142人评价,涅提·蒂瓦里,"主演:,阿米尔·汗,Aamir,Khan,/,法缇玛...",家庭,2016,印度,你不是在为你一个人战斗，你要让千千万万的女性看到女生并不是只能相夫教子。
59,天使爱美丽,8.7,515004人评价,让-皮埃尔·热内,"主演:,奥黛丽·塔图,Audrey,Tau...",爱情,2001,法国,法式小清新。 
60,七宗罪,8.7,464283人评价,大卫·芬奇,"主演:,摩根·弗里曼,Morgan,Freeman,/,布...",惊悚,1995,美国,警察抓小偷，老鼠玩死猫。
61,素媛,9.1,201654人评价,李濬益,"主演:,薛景求,Kyung-gu,Sol,/,严志媛,Ji-won,Uhm,...",剧情,2013,韩国,受过伤害的人总是笑得最开心，因为他们不愿意让身边的人承受一样的痛苦。
62,被嫌弃的松子的一生,8.9,315489人评价,中岛哲也,"主演:,中谷美纪,Miki,Nakatani,/,瑛太,E...",歌舞,2006,日本,以戏谑来戏谑戏谑。
63,小鞋子,9.2,150960人评价,马基德·马基迪,"主演:,Amir,Farrokh,Hashemian,/,默罕...",儿童,1997,伊朗,奔跑的孩子是天使。
64,致命魔术,8.8,371330人评价,克里斯托弗·诺兰,"主演:,休·杰克曼,Hugh,Jackman...",惊悚,2006,美国,孪生蝙蝠侠大战克隆金刚狼。
65,音乐之声,8.9,248537人评价,Robert,"朱丽·安德鲁斯,Julie,Andrews,/,克里斯托弗·普...",歌舞,1965,美国,用音乐化解仇恨，让歌声串起美好。
66,勇敢的心,8.8,312366人评价,梅尔·吉布森,"主演:,梅尔·吉布森,Mel,Gibson,/,苏菲·玛...",战争,1995,美国,史诗大片的典范。
67,剪刀手爱德华,8.7,517995人评价,Tim,"约翰尼·德普,Johnny,Depp,/,薇诺娜·瑞德,Winona,...",爱情,1990,美国,浪漫忧郁的成人童话。
68,本杰明·巴顿奇事,8.8,420893人评价,大卫·芬奇,"主演:,凯特·布兰切特,Cate,Blanchett,/,...",奇幻,2008,美国,在时间之河里感受溺水之苦。
69,看不见的客人,8.8,365966人评价,奥里奥尔·保罗,"主演:,马里奥·卡萨斯,Mario,Casas,/,阿...",惊悚,2016,西班牙,你以为你以为的就是你以为的。
70,低俗小说,8.8,360222人评价,昆汀·塔伦蒂诺,"主演:,约翰·特拉沃尔塔,John,Tra...",犯罪,1994,美国,故事的高级讲法。
71,西西里的美丽传说,8.7,379579人评价,朱塞佩·托纳多雷,"主演:,莫妮卡·贝鲁奇,Monica,...",情色,2000,意大利,美丽无罪。
72,拯救大兵瑞恩,8.9,258373人评价,史蒂文·斯皮尔伯格,"主演:,汤姆·汉克斯,Tom,Hanks...",战争,1998,美国,美利坚精神输出大片No1.
73,黑客帝国,8.8,302748人评价,安迪·沃卓斯基,"/,拉娜·沃卓斯基,Lana,Wachowski,主...",科幻,1999,美国,视觉革命。
74,沉默的羔羊,8.7,379088人评价,乔纳森·戴米,"主演:,朱迪·福斯特,Jodie,Foster,/,安...",惊悚,1991,美国,安东尼·霍普金斯的顶级表演。
75,入殓师,8.8,335388人评价,泷田洋二郎,"主演:,本木雅弘,Masahiro,Motoki,/,...",剧情,2008,日本,死可能是一道门，逝去并不是终结，而是超越，走向下一程。
76,蝴蝶效应,8.7,409350人评价,埃里克·布雷斯,"/,J·麦基·格鲁伯,J.,Mackye,Gruber,主...",惊悚,2004,美国,人的命运被自己瞬间的抉择改变。
77,让子弹飞,8.7,668310人评价,姜文,"主演:,姜文,Wen,Jiang,/,葛优,You,Ge,/,周润发,Yun-F...",西部,2010,中国大陆,你给我翻译翻译，神马叫做TMD的惊喜。
78,玛丽和马克思,8.9,242841人评价,亚当·艾略特,"主演:,托妮·科莱特,Toni,Collette,/,菲利...",动画,2009,澳大利亚,你是我最好的朋友，你是我唯一的朋友 。
79,春光乍泄,8.8,265829人评价,王家卫,"Wong,主演:,张国荣,Leslie,Cheung,/,梁朝伟,Tony,Leu...",同性,1997,香港,爱情纠缠，男女一致。
80,大闹天宫,9.2,109684人评价,万籁鸣,"/,唐澄,Cheng,Tang,主演:,邱岳峰,Yuefeng,Qiu,/...",奇幻,1961(中国大陆),1964(中国大陆),经典之作，历久弥新。
81,心灵捕手,8.8,291375人评价,格斯·范·桑特,"Sant,主演:,马特·达蒙,Matt,Damon,/,罗宾·...",剧情,1997,美国,人生中应该拥有这样的一段豁然开朗。
82,阳光灿烂的日子,8.8,289150人评价,姜文,"主演:,夏雨,Yu,Xia,/,宁静,Jing,Ning,/,陶虹,Hong,Tao",剧情,1994,中国大陆,一场华丽的意淫。
83,幽灵公主,8.8,251353人评价,宫崎骏,"主演:,松田洋治,Yôji,Matsuda,/,石田百合...",冒险,1997,日本,人与自然的战争史诗。
84,第六感,8.8,249794人评价,M·奈特·沙马兰,"Shyamalan,主演:,布鲁斯·威利斯,Bruce,Wi...",惊悚,1999,美国,深入内心的恐怖，出人意料的结局。
85,末代皇帝,8.9,184847人评价,贝纳尔多·贝托鲁奇,"主演:,尊龙,John,Lone,/,陈...",历史,1987,意大利,“不要跟我比惨，我比你更惨”再适合这部电影不过了。
86,重庆森林,8.7,353982人评价,王家卫,"Wong,主演:,林青霞,Brigitte,Lin,/,金城武,Takeshi,K...",爱情,1994,香港,寂寞没有期限。
87,禁闭岛,8.7,384578人评价,Martin,"莱昂纳多·迪卡普里奥,Leonardo,DiCaprio,/,...",惊悚,2010,美国,昔日翩翩少年，今日大腹便便。
88,大鱼,8.7,268645人评价,蒂姆·波顿,"主演:,伊万·麦克格雷格,Ewan,McGregor,/,阿...",冒险,2003,美国,抱着梦想而活着的人是幸福的，怀抱梦想而死去的人是不朽的。
89,布达佩斯大饭店,8.8,338176人评价,韦斯·安德森,"主演:,拉尔夫·费因斯,Ralph,Fiennes,/,...",喜剧,2014,美国,小清新的故事里注入了大历史的情怀。
90,狩猎,9,140171人评价,托马斯·温特伯格,"主演:,麦斯·米科尔森,Mads,Mik...",剧情,2012,丹麦,人言可畏。
91,哈利·波特与魔法石,8.7,279502人评价,Chris,"Daniel,Radcliffe,/,Emma,Watson,/,Rupert,Grint",冒险,2001,美国,童话世界的开端。
92,射雕英雄传之东成西就,8.7,293191人评价,刘镇伟,"主演:,梁朝伟,Tony,Leung,Chiu,Wai,/,林青霞,Bri...",古装,1993,香港,百看不厌。 
93,致命ID,8.6,339901人评价,James,"John,Cusack,/,Ray,Liotta,/,Amanda,Peet",惊悚,2003,美国,最不可能的那个人永远是最可能的。
94,甜蜜蜜,8.8,245620人评价,陈可辛,"主演:,黎明,Leon,Lai,/,张曼玉,Maggie,Cheung,/,...",爱情,1996,香港,相逢只要一瞬间，等待却像是一辈子。
95,一一,8.9,165144人评价,杨德昌,"主演:,吴念真,/,李凯莉,Kelly,Lee,/,金燕玲,Elai...",家庭,2000,台湾,我们都曾经是一一。
96,断背山,8.6,340381人评价,李安,"主演:,希斯·莱杰,Heath,Ledger,/,杰克·吉伦哈尔,Jake...",家庭,2005,美国,每个人心中都有一座断背山。
97,阳光姐妹淘,8.8,286064人评价,姜炯哲,"主演:,沈恩京,Eun-kyung,Shim,/,闵孝琳,Hy...",喜剧,2011,韩国,再多各自牛逼的时光，也比不上一起傻逼的岁月。 
98,告白,8.7,363502人评价,中岛哲也,"主演:,松隆子,Takako,Matsu,/,冈田将生,...",惊悚,2010,日本,没有一人完全善，也没有一人完全恶。
99,猫鼠游戏,8.7,245777人评价,史蒂文·斯皮尔伯格,"主演:,莱昂纳多·迪卡普里奥,L...",剧情,2002,美国,骗子大师和执著警探的你追我跑故事。 
100,上帝之城,8.9,165422人评价,Kátia,"Fernando,Meirelles,主演:,Alexandre,Rodrigues,/,Lea...",剧情,2002,巴西,被上帝抛弃了的上帝之城。
101,加勒比海盗,8.6,368115人评价,戈尔·维宾斯基,"主演:,约翰尼·德普,Johnny,Depp,/,...",奇幻,2003,美国,约翰尼·德普的独角戏。
102,摩登时代,9.2,96083人评价,查理·卓别林,"主演:,查理·卓别林,Charles,Chaplin,...",爱情,1936,美国,大时代中的人生，小人物的悲喜。
103,穿条纹睡衣的男孩,8.9,158998人评价,马克·赫门,"主演:,阿沙·巴特菲尔德,Asa,Butterfield,/,...",战争,2008,英国,尽管有些不切实际的幻想，这部电影依旧是一部感人肺腑的佳作。
104,阿凡达,8.6,558480人评价,詹姆斯·卡梅隆,"主演:,萨姆·沃辛顿,Sam,Worthington,...",冒险,2009,美国,绝对意义上的美轮美奂。
105,爱在黎明破晓前,8.7,234771人评价,理查德·林克莱特,"主演:,伊桑·霍克,Ethan,Hawke,...",爱情,1995,美国,缘分是个连绵词，最美不过一瞬。
106,消失的爱人,8.7,379751人评价,大卫·芬奇,"主演:,本·阿弗莱克,Ben,Affleck,/,罗莎蒙...",惊悚,2014,美国,年度最佳date movie。
107,风之谷,8.8,186506人评价,宫崎骏,"主演:,岛本须美,Sumi,Shimamoto,/,松田洋治,Y...",冒险,1984,日本,动画片的圣经。
108,爱在日落黄昏时,8.7,210006人评价,理查德·林克莱特,"主演:,伊桑·霍克,Ethan,Hawke,...",爱情,2004,美国,九年后的重逢是世俗和责任的交叠，没了悸动和青涩，沧桑而温暖。
109,侧耳倾听,8.8,179387人评价,近藤喜文,"主演:,本名阳子,Youko,Honna,/,小林桂树,K...",音乐,1995,日本,少女情怀总是诗。
110,倩女幽魂,8.6,270430人评价,程小东,"主演:,张国荣,Leslie,Cheung,/,王祖贤,Joey,W...",古装,1987,香港,两张绝世的脸。 
111,超脱,8.8,183022人评价,托尼·凯耶,"主演:,艾德里安·布洛迪,Adrien,Brody,/,马西...",剧情,2011,美国,穷尽一生，我们要学会的，不过是彼此拥抱。
112,红辣椒,8.9,143916人评价,今敏,"主演:,林原惠美,Megumi,Hayashibara,/,古谷彻,T...",惊悚,2006,日本,梦的勾结。
113,恐怖直播,8.7,237382人评价,金秉祐,"主演:,河正宇,Jung-woo,Ha,/,李璟荣,Kyeong-y...",悬疑,2013,韩国,恐怖分子的“秋菊打官司”。
114,萤火虫之墓,8.7,214274人评价,高畑勋,"主演:,辰己努,/,白石绫乃,/,志乃原良子",战争,1988,日本,幸福是生生不息，却难以触及的远。 
115,驯龙高手,8.7,301335人评价,迪恩·德布洛斯,"/,克里斯·桑德斯,Chris,Sanders,主演:...",家庭,2010,美国,和谐的生活离不开摸头与被摸头。
116,菊次郎的夏天,8.7,192788人评价,北野武,"主演:,北野武,Takeshi,Kitano,/,关口雄介,Yus...",喜剧,1999,日本,从没见过那么流氓的温柔，从没见过那么温柔的流氓。
117,幸福终点站,8.6,236162人评价,史蒂文·斯皮尔伯格,"主演:,汤姆·汉克斯,Tom,Hanks...",爱情,2004,美国,有时候幸福需要等一等。 
118,岁月神偷,8.6,320365人评价,罗启锐,"主演:,吴君如,Sandra,Ng,/,任达华,Simon,Yam,/,钟绍...",家庭,2010,香港,岁月流逝，来日可追。
119,小森林 夏秋篇,8.9,140560人评价,森淳一,"主演:,桥本爱,Ai,Hashimoto,/,三浦贵大,Takahir...",剧情,2014,日本,那些静得只能听见呼吸的日子里，你明白孤独即生活。
120,借东西的小人阿莉埃蒂,8.7,229095人评价,米林宏昌,"主演:,志田未来,Mirai,Shida,/,神木...",冒险,2010,日本,曾经的那段美好会沉淀为一辈子的记忆。
121,喜剧之王,8.5,335438人评价,周星驰,"/,李力持,Lik-Chi,Lee,主演:,周星驰,Stephen,Ch...",爱情,1999,香港,我是一个演员。
122,神偷奶爸,8.5,399796人评价,皮艾尔·柯芬,"/,克里斯·雷纳德,Chris,Renaud,主演:,...",冒险,2010,美国,Mr. I Don't Care其实也有Care的时候。
123,七武士,9.2,81122人评价,黑泽明,"主演:,三船敏郎,Toshirô,Mifune,/,志村乔,...",剧情,1954,日本,时代悲歌。
124,杀人回忆,8.7,219961人评价,奉俊昊,"主演:,宋康昊,Kang-ho,Song,/,金相庆,Sang-kyun...",惊悚,2003,韩国,关于连环杀人悬案的集体回忆。
125,海洋,9,101888人评价,雅克·贝汉,"/,雅克·克鲁奥德,Jacques,Cluzaud,主演:...",纪录片,2009,法国,大海啊，不全是水。
126,真爱至上,8.5,329220人评价,理查德·柯蒂斯,"主演:,休·格兰特,Hugh,Grant,/,柯林...",爱情,2003,英国,爱，是个动词。
127,电锯惊魂,8.7,208452人评价,詹姆斯·温,"主演:,雷·沃纳尔,Leigh,Whannell,/,加利·艾...",恐怖,2004,美国,真相就在眼前。
128,贫民窟的百万富翁,8.5,411499人评价,丹尼·鲍尔,"/,洛芙琳·坦丹,Loveleen,Tandan,主演:,戴夫...",爱情,2008,英国,上帝之城+猜火车+阿甘正传+开心辞典=山寨富翁
129,谍影重重3,8.7,189200人评价,保罗·格林格拉斯,"主演:,马特·达蒙,Matt,Damon,/,...",惊悚,2007,美国,像吃了苏打饼一样干脆的电影。
130,喜宴,8.8,147564人评价,李安,"主演:,赵文瑄,Winston,Chao,/,郎雄,Sihung,Lung,/,归亚...",家庭,1993,台湾,中国家庭的喜怒哀乐忍。
131,雨人,8.6,218572人评价,巴瑞·莱文森,"主演:,达斯汀·霍夫曼,Dustin,Hoffman,...",剧情,1988,美国,生活在自己的世界里，也可以让周围的人显得可笑和渺小。
132,记忆碎片,8.5,292516人评价,克里斯托弗·诺兰,"主演:,盖·皮尔斯,Guy,Pearce,/...",惊悚,2000,美国,一个针管引发的血案。
133,东邪西毒,8.6,263026人评价,王家卫,"Wong,主演:,张国荣,Leslie,Cheung,/,张曼玉,Maggie,C...",古装,1994,香港,电影诗。
134,怪兽电力公司,8.6,254299人评价,彼特·道格特,"/,大卫·斯沃曼,David,Silverman,主演:,约...",奇幻,2001,美国,不要给它起名字，起了名字就有感情了。
135,疯狂原始人,8.7,387215人评价,科克·德·米科,"Micco,/,克里斯·桑德斯,Chris,Sanders,主演...",冒险,2013,美国,老少皆宜，这就是好莱坞动画的魅力。
136,黑天鹅,8.5,435835人评价,达伦·阿罗诺夫斯基,"主演:,娜塔莉·波特曼,Natalie...",惊悚,2010,美国,黑暗之美。
137,英雄本色,8.7,176094人评价,吴宇森,"主演:,周润发,Yun-Fat,Chow,/,狄龙,Lung,Ti,/,张国...",犯罪,1986,香港,英雄泪短，兄弟情长。 
138,燃情岁月,8.7,153533人评价,爱德华·兹威克,"主演:,安东尼·霍普金斯,Anthony,Hopki...",家庭,1994,美国,传奇，不是每个人都可以拥有。
139,虎口脱险,8.9,111337人评价,杰拉尔·乌里,"主演:,路易·德·菲耐斯,Louis,de,Funès...",战争,1966,法国,永远看不腻的喜剧。
140,卢旺达饭店,8.8,125641人评价,特瑞·乔治,"主演:,唐·钱德尔,Don,Cheadle,/,苏菲·奥...",战争,2004,英国,当这个世界闭上双眼，他却敞开了怀抱。
141,恋恋笔记本,8.5,296702人评价,尼克·卡索维茨,"主演:,瑞恩·高斯林,Ryan,Gosling,/...",爱情,2004,美国,爱情没有那么多借口，如果不能圆满，只能说明爱的不够。 
142,傲慢与偏见,8.4,316995人评价,乔·怀特,"主演:,凯拉·奈特莉,Keira,Knightley,/,马修·...",爱情,2005,法国,爱是摈弃傲慢与偏见之后的曙光。
143,7号房的礼物,8.7,185967人评价,李焕庆,"主演:,柳承龙,Seung-yong,Ryoo,/,朴信惠,Shi...",家庭,2013,韩国,《我是山姆》的《美丽人生》。
144,海边的曼彻斯特,8.6,203519人评价,肯尼斯·罗纳根,"主演:,卡西·阿弗莱克,Casey,Affle...",家庭,2016,美国,我们都有权利不与自己的过去和解。
145,哈利·波特与死亡圣器(下),8.6,286573人评价,大卫·叶茨,"主演:,丹尼尔·雷德克里夫,Daniel,Radcliffe...",冒险,2011,美国,10年的完美句点。
146,魂断蓝桥,8.8,134278人评价,Mervyn,"Vivien,Leigh,/,Robert,Taylor,/,Lucile,Watson",爱情,1940,美国,中国式内在的美国电影。
147,教父3,8.8,136923人评价,弗朗西斯·福特·科波拉,"Coppola,主演:,阿尔·帕西诺,A...",犯罪,1990,美国,任何信念的力量，都无法改变命运。
148,萤火之森,8.7,166497人评价,大森贵弘,"主演:,佐仓绫音,Ayane,Sakura,/,内山昂辉,K...",奇幻,2011,日本,触不到的恋人。
149,猜火车,8.5,257200人评价,丹尼·博伊尔,"主演:,伊万·麦克格雷格,Ewan,McGregor,/,...",剧情,1996,英国,不可猜的青春迷笛。 
150,完美的世界,9,84849人评价,克林特·伊斯特伍德,"主演:,凯文·科斯特纳,Kevin,Cos...",犯罪,1993,美国,坏人的好总是比好人的好来得更感人。
151,小森林 冬春篇,8.9,122447人评价,森淳一,"主演:,桥本爱,Ai,Hashimoto,/,三浦贵大,Takahir...",剧情,2015,日本,尊敬他人，尊敬你生活的这片土地，明白孤独是人生的常态。
152,纵横四海,8.7,153728人评价,吴宇森,"主演:,周润发,Yun-Fat,Chow,/,张国荣,Leslie,Cheung...",犯罪,1991,香港,香港浪漫主义警匪动作片的巅峰之作。
153,穿越时空的少女,8.6,192746人评价,细田守,"主演:,仲里依纱,Riisa,Naka,/,石田卓也,Takuya...",动画,2006,日本,爱上未来的你。 
154,荒蛮故事,8.8,148464人评价,达米安·斯兹弗隆,"主演:,达里奥·葛兰帝内提,Darío...",犯罪,2014,阿根廷,始于荒诞，止于更荒诞。
155,二十二,8.8,101908人评价,郭柯,主演:,纪录片,2015,中国大陆,有一些东西不应该被遗忘。
156,玩具总动员3,8.8,199680人评价,李·昂克里奇,"主演:,汤姆·汉克斯,Tom,Hanks,/,蒂姆·艾...",冒险,2010,美国,跨度十五年的欢乐与泪水。
157,雨中曲,9,96540人评价,Stanley,"Gene,Kelly,主演:,Gene,Kelly,/,Donald,O'Connor,/,...",爱情,1952,美国,骨灰级歌舞片。
158,花样年华,8.5,257864人评价,王家卫,"Wong,主演:,梁朝伟,Tony,Leung,Chiu,Wai,/,张曼玉,Ma...",爱情,2000,香港,偷情本没有这样美。
159,唐伯虎点秋香,8.4,345627人评价,李力持,"主演:,周星驰,Stephen,Chow,/,巩俐,Li,Gong,/,陈...",古装,1993,香港,华太师是黄霑，吴镇宇四大才子之一。
160,超能陆战队,8.6,387304人评价,唐·霍尔,"/,克里斯·威廉姆斯,Chris,Williams,主演:,斯科特...",冒险,2014,美国,Balalala~~~
161,时空恋旅人,8.6,211145人评价,理查德·柯蒂斯,"主演:,多姆纳尔·格利森,Domhnall,Gl...",奇幻,2013,英国,把每天当作最后一天般珍惜度过，积极拥抱生活，就是幸福。
162,我是山姆,8.8,108805人评价,杰茜·尼尔森,"主演:,Sean,Penn,/,Dakota,Fanning,/,Mi...",家庭,2001,美国,爱并不需要智商 。
163,蝙蝠侠：黑暗骑士崛起,8.6,306253人评价,克里斯托弗·诺兰,"主演:,克里斯蒂安·贝尔,Christ...",惊悚,2012,美国,诺兰就是保证。
164,人工智能,8.6,196603人评价,史蒂文·斯皮尔伯格,"主演:,海利·乔·奥斯蒙,Haley...",科幻,2001,美国,对爱的执着，可以超越一切。
165,浪潮,8.7,137603人评价,丹尼斯·甘塞尔,"主演:,尤尔根·沃格尔,Jürgen,Vogel,...",惊悚,2008,德国,世界离独裁只有五天。
166,冰川时代,8.4,282439人评价,卡洛斯·沙尔丹哈,"/,克里斯·韦奇,Chris,Wedge,主演...",冒险,2002,美国,松鼠才是角儿。
167,心迷宫,8.6,171419人评价,忻钰坤,"主演:,霍卫民,Weimin,Huo,/,王笑天,Xiaotian,Wang,...",悬疑,2014,中国大陆,荒诞讽刺，千奇百巧，抽丝剥茧，百转千回。
168,香水,8.4,286348人评价,汤姆·提克威,"主演:,本·卫肖,Ben,Whishaw,/,艾伦·瑞克...",奇幻,2006,德国,一个单凭体香达到高潮的男人。
169,朗读者,8.5,286297人评价,史蒂芬·戴德利,"主演:,凯特·温丝莱特,Kate,Winslet,...",爱情,2008,美国,当爱情跨越年龄的界限，它似乎能变得更久远一点，成为一种责任，一种水到渠成的相濡以沫。 
170,罗生门,8.7,130146人评价,黑泽明,"主演:,三船敏郎,Toshirô,Mifune,/,千秋实,...",悬疑,1950,日本,人生的N种可能性。
171,追随,8.9,84869人评价,克里斯托弗·诺兰,"主演:,杰里米·西奥伯德,Jeremy...",惊悚,1998,英国,诺兰的牛逼来源于内心散发出的恐惧。
172,一次别离,8.7,137166人评价,阿斯哈·法哈蒂,"主演:,佩曼·莫阿迪,Peyman,Moadi,/...",家庭,2011,伊朗,只有有信仰的人才能说出事实真相。
173,撞车,8.6,179516人评价,保罗·哈吉斯,"主演:,桑德拉·布洛克,Sandra,Bullock,/,...",剧情,2004,美国,天使与魔鬼的冲撞。
174,爆裂鼓手,8.6,247804人评价,达米安·沙泽勒,"主演:,迈尔斯·特勒,Miles,Teller,/...",音乐,2014,美国,这个世界从不善待努力的人，努力了也不一定会成功，但是知道自己在努力，就是活下去的动力。
175,未麻的部屋,8.8,102505人评价,今敏,"主演:,岩男润子,Junko,Iwao,/,松本梨香,Rica,Matsu...",惊悚,1997,日本,好的剧本是，就算你猜到了结局也猜不到全部。
176,可可西里,8.7,133855人评价,陆川,"主演:,多布杰,Duobujie,/,张磊,Lei,Zhang,/,亓亮,Qi,L...",犯罪,2004,中国大陆,坚硬的信仰。
177,战争之王,8.5,180433人评价,安德鲁·尼科尔,"主演:,尼古拉斯·凯奇,Nicolas,Cage,/...",犯罪,2005,美国,做一颗让别人需要你的棋子。
178,地球上的星星,8.8,88600人评价,阿米尔·汗,"主演:,达席尔·萨法瑞,Darsheel,Safary,/,阿...",家庭,2007,印度,天使保护事件始末。
179,恐怖游轮,8.3,338380人评价,克里斯托弗·史密斯,"主演:,梅利莎·乔治,Melissa,...",惊悚,2009,英国,不要企图在重复中寻找已经失去的爱。
180,梦之安魂曲,8.7,115368人评价,达伦·阿伦诺夫斯基,"主演:,艾伦·伯斯汀,Ellen,Bur...",剧情,2000,美国,一场没有春天的噩梦。
181,请以你的名字呼唤我,8.8,160584人评价,卢卡·圭达尼诺,"主演:,蒂莫西·柴勒梅德,Timothée,...",同性,2017,意大利,沉醉在电影的情感和视听氛围中无法自拔。
182,达拉斯买家俱乐部,8.7,174694人评价,让-马克·瓦雷,"主演:,马修·麦康纳,Matthew,McCon...",同性,2013,美国,Jared Leto的腿比女人还美！
183,血战钢锯岭,8.7,328481人评价,梅尔·吉布森,"主演:,安德鲁·加菲尔德,Andrew,Garfield,/...",战争,2016,美国,优秀的战争片不会美化战场，不会粉饰死亡，不会矮化敌人，不会无视常识，最重要的，不会宣扬战争。
184,被解救的姜戈,8.5,268115人评价,昆汀·塔伦蒂诺,"主演:,杰米·福克斯,Jamie,Foxx,/...",冒险,2012,美国,热血沸腾，那个低俗、性感的无耻混蛋又来了。
185,阿飞正传,8.5,189182人评价,王家卫,"Wong,主演:,张国荣,Leslie,Cheung,/,张曼玉,Maggie,C...",爱情,1990,香港,王家卫是一种风格，张国荣是一个代表。
186,牯岭街少年杀人事件,8.7,110830人评价,杨德昌,"主演:,张震,Chen,Chang,/,杨静怡,Lisa,Yang,/,张...",犯罪,1991,台湾,弱者送给弱者的一刀。
187,谍影重重,8.5,198216人评价,道格·里曼,"主演:,马特·达蒙,Matt,Damon,/,弗兰卡·波坦...",惊悚,2002,美国,哗啦啦啦啦，天在下雨，哗啦啦啦啦，云在哭泣……找自己。
188,谍影重重2,8.5,164629人评价,保罗·格林格拉斯,"主演:,马特·达蒙,Matt,Damon,/,...",惊悚,2004,美国,谁说王家卫镜头很晃？
189,魔女宅急便,8.5,201896人评价,宫崎骏,"主演:,高山南,Minami,Takayama,/,佐久间玲,Re...",冒险,1989,日本,宫崎骏的电影总让人感觉世界是美好的，阳光明媚的。
190,碧海蓝天,8.7,109893人评价,Luc,"让-马克·巴尔,Jean-Marc,Barr,/,让·雷诺,Jean,Re...",爱情,1988,法国,在那片深蓝中，感受来自大海的忧伤寂寞与美丽自由。
191,惊魂记,8.9,86100人评价,Alfred,"Janet,Leigh,/,Anthony,Perkins,/,Vera,Miles",恐怖,1960,美国,故事的反转与反转，分裂电影的始祖。
192,忠犬八公物语,9,62312人评价,Seijirô,"山本圭,Kei,Yamamoto,/,井川比佐志,Hisa...",剧情,1987,日本,养狗三日，便会对你终其一生。
193,再次出发之纽约遇见你,8.5,176483人评价,约翰·卡尼,"主演:,凯拉·奈特莉,Keira,Knightley,/,马克...",音乐,2013,美国,爱我就给我看你的播放列表。
195,青蛇,8.4,228710人评价,徐克,"主演:,张曼玉,Maggie,Cheung,/,王祖贤,Joey,Wang,/,...",古装,1993,香港,人生如此，浮生如斯。谁人言，花彼岸，此生情长意短。谁都是不懂爱的罢了。
197,秒速5厘米,8.3,308489人评价,新海诚,"主演:,水桥研二,Kenji,Mizuhashi,/,近藤好美,...",爱情,2007,日本,青春就是放弃和怀念。
199,海盗电台,8.6,168666人评价,理查德·柯蒂斯,"主演:,比尔·奈伊,Bill,Nighy,/,肯尼...",音乐,2009,英国,生命不止，摇滚不死。
201,末路狂花,8.7,107999人评价,雷德利·斯科特,"主演:,吉娜·戴维斯,Geena,Davis,/,苏...",惊悚,1991,美国,没有了退路，只好飞向自由。
203,终结者2：审判日,8.6,145237人评价,詹姆斯·卡梅隆,"主演:,阿诺·施瓦辛格,Arnold,Schwarz...",科幻,1991,美国,少见的超越首部的续集，动作片中的经典。
205,勇闯夺命岛,8.5,145635人评价,迈克尔·贝,"主演:,肖恩·康纳利,Sean,Connery,/,尼古拉...",冒险,1996,美国,类型片的极致。 
207,新龙门客栈,8.5,189440人评价,李惠民,"主演:,张曼玉,Maggie,Cheung,/,林青霞,Brigitte,...",古装,1992,香港,嬉笑怒骂，调风动月。
209,黑客帝国3：矩阵革命,8.5,160646人评价,Andy,"Larry,Wachowski,主演:,Keanu,Reeves,/,Laurence,F...",科幻,2003,美国,不得不说，《黑客帝国》系列是商业片与科幻、哲学完美结合的典范。
211,城市之光,9.2,45621人评价,Charles,"查理·卓别林,Charles,Chaplin,/,弗吉尼亚·...",爱情,1931,美国,永远的小人物，伟大的卓别林。
213,荒野生存,8.6,130861人评价,西恩·潘,"主演:,埃米尔·赫斯基,Emile,Hirsch,/,马西娅·...",剧情,2007,美国,出门必备：本草纲目。
215,一个叫欧维的男人决定去死,8.7,122474人评价,汉内斯·赫尔姆,"主演:,罗夫·拉斯加德,Rolf,Lassgård...",剧情,2015,瑞典,惠及一生的美丽。
216,E.T. 外星人,8.5,157070人评价,Steven,"Henry,Thomas,/,Dee,Wallace,/,Robert,MacNa...",科幻,1982,美国,生病的E.T.皮肤的颜色就像柿子饼。
217,发条橙,8.4,190288人评价,Stanley,"Malcolm,McDowell,/,Patrick,Magee,/,Michael...",科幻,1971,英国,我完全康复了。
218,美国丽人,8.4,190167人评价,萨姆·门德斯,"主演:,凯文·史派西,Kevin,Spacey,/,安妮特...",家庭,1999,美国,每个人的内心都是深不可测的大海。 
219,无耻混蛋,8.4,229092人评价,Quentin,"布拉德·皮特,Brad,Pitt,/,梅拉尼·罗兰,M...",犯罪,2009,美国,昆汀同学越来越变态了，比北野武还杜琪峰。
220,初恋这件小事,8.3,474236人评价,普特鹏·普罗萨卡·那·萨克那卡林,"Na,Sakolnakorn,/,华森·波克彭...",爱情,2010,泰国,黑小鸭速效美白记。
221,黄金三镖客,9.1,52720人评价,Sergio,"Clint,Eastwood,/,Eli,Wallach,/,Lee,Van,Cleef",西部,1966,意大利,最棒的西部片。
222,英国病人,8.4,177249人评价,安东尼·明格拉,"主演:,拉尔夫·费因斯,Ralph,Fien...",战争,1996,美国,"In memory, love lives forever..."
223,你的名字。,8.4,483815人评价,新海诚,"主演:,神木隆之介,Ryûnosuke,Kamiki,/,上...",动画,2016,日本,穿越错位的时空，仰望陨落的星辰，你没留下你的名字，我却无法忘记那句“我爱你”。
224,燕尾蝶,8.6,109594人评价,岩井俊二,"主演:,恰拉,Chara,/,伊藤步,Ayumi,Ito,/,三上...",剧情,1996,日本,现实与童话交相辉映的旅程。
225,爱在午夜降临前,8.8,119757人评价,理查德·林克莱特,"主演:,伊桑·霍克,Ethan,Hawke,...",爱情,2013,美国,所谓爱情，就是话唠一路，都不会心生腻烦，彼此嫌弃。
226,非常嫌疑犯,8.6,119264人评价,布莱恩·辛格,"主演:,史蒂芬·鲍德温,Stephen,Baldwin,/...",惊悚,1995,德国,我不信仰上帝，但我敬畏上帝。
227,叫我第一名,8.6,111214人评价,彼得·维纳,"主演:,詹姆斯·沃克,James,Wolk,/,特里特·...",传记,2008,美国,乐观比一切都有力量。
228,无人知晓,9,57880人评价,是枝裕和,"主演:,柳乐优弥,Yûya,Yagira,/,北浦爱...",剧情,2004,日本,我的平常生活就是他人的幸福。
229,穆赫兰道,8.3,240430人评价,大卫·林奇,"主演:,娜奥米·沃茨,Naomi,Watts,/,劳拉·哈...",惊悚,2001,法国,大卫·林奇的梦境迷宫。
230,勇士,8.9,89375人评价,加文·欧康诺,"主演:,汤姆·哈迪,Tom,Hardy,/,乔尔·...",家庭,2011,美国,热血沸腾，相当完美的娱乐拳击大餐。
231,疯狂的石头,8.3,323591人评价,宁浩,"主演:,郭涛,Tao,Guo,/,刘桦,Hua,Liu,/,连晋,Teddy,Lin",犯罪,2006,中国大陆,中国版《两杆大烟枪》。
232,无敌破坏王,8.6,188747人评价,瑞奇·莫尔,"主演:,约翰·C·赖利,John,C.,Reilly,/,萨拉...",冒险,2012,美国,迪士尼和皮克斯拿错剧本的产物。
233,国王的演讲,8.3,348511人评价,汤姆·霍珀,"主演:,柯林·菲尔斯,Colin,Firth,/,杰弗里·...",历史,2010,英国,皇上无话儿。
234,上帝也疯狂,8.6,98160人评价,Jamie,"Marius,Weyers,/,Sandra,Prinsloo,/,N!xau",喜剧,1980,博茨瓦纳,纯净原始的笑与感动。
235,血钻,8.5,135706人评价,爱德华·兹威克,"主演:,莱昂纳多·迪卡普里奥,Leonardo,...",冒险,2006,美国,每个美丽事物背后都是滴血的现实。
236,步履不停,8.8,75000人评价,是枝裕和,"主演:,阿部宽,Hiroshi,Abe,/,夏川结衣,Yu...",家庭,2008,日本,日本的家庭电影已经是世界巅峰了，步履不停是巅峰中的佳作。
237,小萝莉的猴神大叔,8.6,130497人评价,卡比尔·汗,"主演:,萨尔曼·汗,Salman,Khan,/,哈莎莉·马...",动作,2015,印度,
238,彗星来的那一夜,8.4,182938人评价,詹姆斯·沃德·布柯特,"Byrkit,主演:,艾米丽·芭尔多尼,Em...",惊悚,2013,美国,小成本大魅力。
239,枪火,8.6,102032人评价,杜琪峰,"主演:,吴镇宇,Francis,Ng,/,任达华,Simon,Yam,/,...",犯罪,1999,香港,一群演技精湛的戏骨，奉献出一个精致的黑帮小品，成就杜琪峰群戏的巅峰之作。
240,蓝色大门,8.3,276767人评价,易智言,"主演:,陈柏霖,Bo-lin,Chen,/,桂纶镁,Lunmei,Kwa...",同性,2002,台湾,青春的窃窃私语。 
241,大卫·戈尔的一生,8.6,95542人评价,Alan,"凯文·史派西,Kevin,Spacey,/,凯特·温丝莱特,Kat...",悬疑,2003,美国,捍卫人权只是信仰，一点不妨碍其行为的残忍。
242,遗愿清单,8.5,131931人评价,罗伯·莱纳,"主演:,杰克·尼科尔森,Jack,Nicholson,/,摩根...",剧情,2007,美国,用剩余不多的时间，去燃烧整个生命。
243,我爱你,9,58923人评价,秋昌民,"主演:,宋在河,Jae-ho,Song,/,李顺载,Soon-jae...",爱情,2011,韩国,你要相信，这世上真的有爱存在，不管在什么年纪 
244,爱·回家,9,48313人评价,李廷香,"主演:,金艺芬,Eul-boon,Kim,/,俞承豪,Seung-...",家庭,2002,韩国,献给所有外婆的电影。
245,千钧一发,8.7,88116人评价,安德鲁·尼科尔,"主演:,伊桑·霍克,Ethan,Hawke,/,乌玛...",科幻,1997,美国,一部能引人思考的科幻励志片。
246,荒岛余生,8.5,137422人评价,罗伯特·泽米吉斯,"主演:,汤姆·汉克斯,Tom,Hanks,/,...",剧情,2000,美国,一个人的独角戏。
247,麦兜故事,8.5,130420人评价,袁建滔,"主演:,李晋纬,/,林海峰,Jan,Lamb,/,吴君如,Sandra,Ng",动画,2001,香港,麦兜是一只很哲学的猪。 
248,黑鹰坠落,8.5,117099人评价,雷德利·斯科特,"主演:,乔什·哈奈特,Josh,Hartnett,/,...",战争,2001,美国,还原真实而残酷的战争。
249,美丽心灵的永恒阳光,8.4,147387人评价,米歇尔·冈瑞,"主演:,金·凯瑞,Jim,Carrey,/,凯特·温...",奇幻,2004,美国,恋爱是一次神经的冒险。就算失去记忆，也会爱上你。
250,月球,8.5,146933人评价,邓肯·琼斯,"主演:,山姆·洛克威尔,Sam,Rockwell,/,凯文...",悬疑,2009,英国,2009媲美《第九区》的又一部科幻神作。
